wijken;jaar;gasverbruik_tempgecorr;elektriciteitsverbruik
Burgwallen-Oude Zijde;2008;3,1;5,5
Burgwallen-Oude Zijde;2009;3,0;5,6
Burgwallen-Oude Zijde;2010;2,8;5,6
Burgwallen-Oude Zijde;2011;2,8;5,6
Burgwallen-Oude Zijde;2012;2,9;5,8
Burgwallen-Oude Zijde;2013;3,0;6,0
Burgwallen-Oude Zijde;2014;3,0;5,9
Burgwallen-Oude Zijde;2015;2,9;5,9
Burgwallen-Oude Zijde;2016;3,1;5,9
Burgwallen-Oude Zijde;2017;3,0;5,6
Burgwallen-Oude Zijde;2018;2,9;5,5
Burgwallen-Oude Zijde;2019;3,0;5,5
Burgwallen-Nieuwe Zijde;2008;3,0;5,3
Burgwallen-Nieuwe Zijde;2009;2,9;5,5
Burgwallen-Nieuwe Zijde;2010;2,7;5,4
Burgwallen-Nieuwe Zijde;2011;2,7;5,4
Burgwallen-Nieuwe Zijde;2012;2,8;5,6
Burgwallen-Nieuwe Zijde;2013;2,9;5,8
Burgwallen-Nieuwe Zijde;2014;2,8;5,7
Burgwallen-Nieuwe Zijde;2015;2,8;5,7
Burgwallen-Nieuwe Zijde;2016;2,9;5,9
Burgwallen-Nieuwe Zijde;2017;2,9;5,7
Burgwallen-Nieuwe Zijde;2018;2,8;5,6
Burgwallen-Nieuwe Zijde;2019;3,0;5,6
Grachtengordel-West;2008;4,7;8,4
Grachtengordel-West;2009;4,6;8,7
Grachtengordel-West;2010;4,3;8,6
Grachtengordel-West;2011;4,3;8,6
Grachtengordel-West;2012;4,4;8,9
Grachtengordel-West;2013;4,6;9,2
Grachtengordel-West;2014;4,5;9,0
Grachtengordel-West;2015;4,4;8,9
Grachtengordel-West;2016;5,8;10,9
Grachtengordel-West;2017;5,6;10,7
Grachtengordel-West;2018;5,7;10,5
Grachtengordel-West;2019;5,9;10,6
Grachtengordel-Zuid;2008;3,7;6,6
Grachtengordel-Zuid;2009;3,6;6,7
Grachtengordel-Zuid;2010;3,3;6,7
Grachtengordel-Zuid;2011;3,4;6,7
Grachtengordel-Zuid;2012;3,4;6,9
Grachtengordel-Zuid;2013;3,5;7,1
Grachtengordel-Zuid;2014;3,5;7,0
Grachtengordel-Zuid;2015;3,4;6,9
Grachtengordel-Zuid;2016;4,3;8,2
Grachtengordel-Zuid;2017;4,3;8,1
Grachtengordel-Zuid;2018;4,3;8,2
Grachtengordel-Zuid;2019;4,5;8,3
Nieuwmarkt/Lastage;2008;6,3;11,3
Nieuwmarkt/Lastage;2009;6,1;11,6
Nieuwmarkt/Lastage;2010;5,8;11,5
Nieuwmarkt/Lastage;2011;5,8;11,6
Nieuwmarkt/Lastage;2012;5,9;11,9
Nieuwmarkt/Lastage;2013;6,4;12,9
Nieuwmarkt/Lastage;2014;6,3;12,6
Nieuwmarkt/Lastage;2015;6,1;12,6
Nieuwmarkt/Lastage;2016;5,2;12,3
Nieuwmarkt/Lastage;2017;5,2;12,2
Nieuwmarkt/Lastage;2018;5,5;11,7
Nieuwmarkt/Lastage;2019;5,6;11,5
Haarlemmerbuurt;2008;6,0;10,7
Haarlemmerbuurt;2009;5,8;11,0
Haarlemmerbuurt;2010;5,4;10,9
Haarlemmerbuurt;2011;5,5;11,0
Haarlemmerbuurt;2012;5,6;11,3
Haarlemmerbuurt;2013;5,9;11,9
Haarlemmerbuurt;2014;5,9;11,7
Haarlemmerbuurt;2015;5,6;11,6
Haarlemmerbuurt;2016;5,3;11,7
Haarlemmerbuurt;2017;5,3;11,5
Haarlemmerbuurt;2018;5,3;11,4
Haarlemmerbuurt;2019;4,9;11,2
Jordaan;2008;14,2;25,4
Jordaan;2009;13,8;26,1
Jordaan;2010;12,9;25,9
Jordaan;2011;13,0;26,1
Jordaan;2012;13,3;26,8
Jordaan;2013;13,8;27,7
Jordaan;2014;13,6;27,1
Jordaan;2015;13,1;26,9
Jordaan;2016;12,5;23,4
Jordaan;2017;12,3;23,2
Jordaan;2018;12,3;22,8
Jordaan;2019;12,4;22,4
De Weteringschans;2008;4,9;8,8
De Weteringschans;2009;4,8;9,1
De Weteringschans;2010;4,5;9,0
De Weteringschans;2011;4,5;9,1
De Weteringschans;2012;4,6;9,3
De Weteringschans;2013;4,8;9,7
De Weteringschans;2014;4,8;9,5
De Weteringschans;2015;4,6;9,5
De Weteringschans;2016;5,1;9,8
De Weteringschans;2017;5,0;9,7
De Weteringschans;2018;5,0;9,6
De Weteringschans;2019;5,1;9,6
Weesperbuurt/Plantage;2008;4,8;8,6
Weesperbuurt/Plantage;2009;4,7;8,8
Weesperbuurt/Plantage;2010;4,4;8,8
Weesperbuurt/Plantage;2011;4,4;8,8
Weesperbuurt/Plantage;2012;4,5;9,1
Weesperbuurt/Plantage;2013;4,7;9,4
Weesperbuurt/Plantage;2014;4,6;9,1
Weesperbuurt/Plantage;2015;4,4;9,1
Weesperbuurt/Plantage;2016;4,4;9,0
Weesperbuurt/Plantage;2017;4,1;8,3
Weesperbuurt/Plantage;2018;4,2;8,2
Weesperbuurt/Plantage;2019;4,4;8,3
Oostelijke Eilanden/Kadijken;2008;8,0;14,4
Oostelijke Eilanden/Kadijken;2009;7,8;14,8
Oostelijke Eilanden/Kadijken;2010;7,3;14,7
Oostelijke Eilanden/Kadijken;2011;7,4;14,8
Oostelijke Eilanden/Kadijken;2012;7,5;15,2
Oostelijke Eilanden/Kadijken;2013;7,8;15,7
Oostelijke Eilanden/Kadijken;2014;7,7;15,3
Oostelijke Eilanden/Kadijken;2015;7,4;15,1
Oostelijke Eilanden/Kadijken;2016;6,2;14,5
Oostelijke Eilanden/Kadijken;2017;6,0;13,9
Oostelijke Eilanden/Kadijken;2018;6,0;13,3
Oostelijke Eilanden/Kadijken;2019;6,1;12,9
Westelijk Havengebied;2008;0,1;0,2
Westelijk Havengebied;2009;0,1;0,3
Westelijk Havengebied;2010;0,1;0,2
Westelijk Havengebied;2011;0,1;0,2
Westelijk Havengebied;2012;0,1;0,2
Westelijk Havengebied;2013;0,1;0,1
Westelijk Havengebied;2014;0,1;0,1
Westelijk Havengebied;2015;0,0;0,0
Westelijk Havengebied;2016;NA;0,2
Westelijk Havengebied;2017;NA;0,1
Westelijk Havengebied;2018;0,0;0,1
Westelijk Havengebied;2019;0,0;0,1
Bedrijventerrein Sloterdijk;2008;0,0;0,1
Bedrijventerrein Sloterdijk;2009;0,1;0,1
Bedrijventerrein Sloterdijk;2010;0,0;0,1
Bedrijventerrein Sloterdijk;2011;0,1;0,1
Bedrijventerrein Sloterdijk;2012;0,0;0,1
Bedrijventerrein Sloterdijk;2013;0,1;0,1
Bedrijventerrein Sloterdijk;2014;0,0;0,1
Bedrijventerrein Sloterdijk;2015;0,0;0,0
Bedrijventerrein Sloterdijk;2016;0,0;NA
Bedrijventerrein Sloterdijk;2017;0,0;NA
Bedrijventerrein Sloterdijk;2018;0,0;0,0
Bedrijventerrein Sloterdijk;2019;0,0;0,5
Houthavens;2008;1,1;2,1
Houthavens;2009;1,1;2,2
Houthavens;2010;1,1;2,2
Houthavens;2011;1,2;2,3
Houthavens;2012;1,1;2,3
Houthavens;2013;1,0;2,0
Houthavens;2014;1,1;2,2
Houthavens;2015;0,8;1,8
Houthavens;2016;NA;2,7
Houthavens;2017;0,0;2,6
Houthavens;2018;0,0;1,3
Houthavens;2019;0,0;2,8
Spaarndammer- en Zeeheldenbuurt;2008;5,4;10,2
Spaarndammer- en Zeeheldenbuurt;2009;5,2;10,6
Spaarndammer- en Zeeheldenbuurt;2010;5,1;10,6
Spaarndammer- en Zeeheldenbuurt;2011;5,6;11,1
Spaarndammer- en Zeeheldenbuurt;2012;5,6;11,2
Spaarndammer- en Zeeheldenbuurt;2013;5,6;11,5
Spaarndammer- en Zeeheldenbuurt;2014;6,4;12,7
Spaarndammer- en Zeeheldenbuurt;2015;5,1;11,0
Spaarndammer- en Zeeheldenbuurt;2016;5,3;10,3
Spaarndammer- en Zeeheldenbuurt;2017;5,3;10,1
Spaarndammer- en Zeeheldenbuurt;2018;5,3;9,9
Spaarndammer- en Zeeheldenbuurt;2019;5,3;9,6
Staatsliedenbuurt;2008;6,8;12,9
Staatsliedenbuurt;2009;6,6;13,4
Staatsliedenbuurt;2010;6,5;13,4
Staatsliedenbuurt;2011;7,2;14,1
Staatsliedenbuurt;2012;7,0;14,2
Staatsliedenbuurt;2013;7,1;14,5
Staatsliedenbuurt;2014;8,1;16,1
Staatsliedenbuurt;2015;6,7;14,3
Staatsliedenbuurt;2016;6,3;13,1
Staatsliedenbuurt;2017;6,3;12,9
Staatsliedenbuurt;2018;6,2;12,6
Staatsliedenbuurt;2019;6,2;12,2
Centrale Markt;2008;1,1;2,0
Centrale Markt;2009;1,0;2,1
Centrale Markt;2010;1,0;2,1
Centrale Markt;2011;1,1;2,2
Centrale Markt;2012;1,1;2,2
Centrale Markt;2013;1,1;2,3
Centrale Markt;2014;1,3;2,5
Centrale Markt;2015;1,0;2,2
Centrale Markt;2016;0,4;2,4
Centrale Markt;2017;0,4;2,3
Centrale Markt;2018;0,4;2,3
Centrale Markt;2019;0,5;2,3
Frederik Hendrikbuurt;2008;4,5;8,6
Frederik Hendrikbuurt;2009;4,4;8,9
Frederik Hendrikbuurt;2010;4,3;8,9
Frederik Hendrikbuurt;2011;4,8;9,4
Frederik Hendrikbuurt;2012;4,7;9,4
Frederik Hendrikbuurt;2013;4,7;9,6
Frederik Hendrikbuurt;2014;5,3;10,5
Frederik Hendrikbuurt;2015;4,3;9,2
Frederik Hendrikbuurt;2016;4,3;8,7
Frederik Hendrikbuurt;2017;4,2;8,5
Frederik Hendrikbuurt;2018;4,2;8,3
Frederik Hendrikbuurt;2019;4,2;8,0
Da Costabuurt;2008;2,7;5,0
Da Costabuurt;2009;2,6;5,0
Da Costabuurt;2010;2,6;5,0
Da Costabuurt;2011;2,5;4,8
Da Costabuurt;2012;2,4;4,9
Da Costabuurt;2013;2,5;5,0
Da Costabuurt;2014;2,8;5,5
Da Costabuurt;2015;2,3;4,8
Da Costabuurt;2016;2,4;5,2
Da Costabuurt;2017;2,4;5,1
Da Costabuurt;2018;2,4;5,0
Da Costabuurt;2019;2,4;4,8
Kinkerbuurt;2008;3,5;6,5
Kinkerbuurt;2009;3,4;6,5
Kinkerbuurt;2010;3,4;6,5
Kinkerbuurt;2011;3,2;6,2
Kinkerbuurt;2012;3,1;6,3
Kinkerbuurt;2013;3,2;6,5
Kinkerbuurt;2014;3,6;7,1
Kinkerbuurt;2015;2,9;6,2
Kinkerbuurt;2016;3,0;6,1
Kinkerbuurt;2017;3,0;6,1
Kinkerbuurt;2018;3,1;6,1
Kinkerbuurt;2019;3,1;6,1
Van Lennepbuurt;2008;4,6;8,5
Van Lennepbuurt;2009;4,4;8,5
Van Lennepbuurt;2010;4,5;8,5
Van Lennepbuurt;2011;4,2;8,2
Van Lennepbuurt;2012;4,1;8,2
Van Lennepbuurt;2013;4,2;8,5
Van Lennepbuurt;2014;4,7;9,3
Van Lennepbuurt;2015;3,8;8,2
Van Lennepbuurt;2016;3,5;7,3
Van Lennepbuurt;2017;3,5;7,2
Van Lennepbuurt;2018;3,5;6,9
Van Lennepbuurt;2019;3,5;6,8
Helmersbuurt;2008;4,3;8,0
Helmersbuurt;2009;4,2;8,1
Helmersbuurt;2010;4,2;8,0
Helmersbuurt;2011;3,9;7,8
Helmersbuurt;2012;3,9;7,8
Helmersbuurt;2013;3,9;8,0
Helmersbuurt;2014;4,4;8,9
Helmersbuurt;2015;3,6;7,7
Helmersbuurt;2016;4,2;8,8
Helmersbuurt;2017;4,1;8,6
Helmersbuurt;2018;4,1;8,5
Helmersbuurt;2019;4,1;8,2
Overtoomse Sluis;2008;4,5;8,3
Overtoomse Sluis;2009;4,3;8,3
Overtoomse Sluis;2010;4,4;8,3
Overtoomse Sluis;2011;4,1;8,0
Overtoomse Sluis;2012;4,0;8,0
Overtoomse Sluis;2013;4,1;8,3
Overtoomse Sluis;2014;4,6;9,2
Overtoomse Sluis;2015;3,7;8,0
Overtoomse Sluis;2016;4,3;8,8
Overtoomse Sluis;2017;4,2;8,7
Overtoomse Sluis;2018;4,3;8,5
Overtoomse Sluis;2019;4,3;8,4
Vondelbuurt;2008;0,9;1,7
Vondelbuurt;2009;0,9;1,7
Vondelbuurt;2010;0,9;1,7
Vondelbuurt;2011;0,8;1,6
Vondelbuurt;2012;0,8;1,6
Vondelbuurt;2013;0,8;1,7
Vondelbuurt;2014;0,9;1,9
Vondelbuurt;2015;0,8;1,7
Vondelbuurt;2016;1,2;2,4
Vondelbuurt;2017;1,2;2,4
Vondelbuurt;2018;1,2;2,3
Vondelbuurt;2019;1,3;2,4
Zuidas;2008;0,7;1,2
Zuidas;2009;0,7;1,2
Zuidas;2010;0,7;1,2
Zuidas;2011;0,6;1,2
Zuidas;2012;0,6;1,2
Zuidas;2013;0,6;1,2
Zuidas;2014;0,6;1,2
Zuidas;2015;0,6;1,3
Zuidas;2016;0,1;5,2
Zuidas;2017;0,0;4,2
Zuidas;2018;0,0;4,4
Zuidas;2019;0,0;5,9
Oude Pijp;2008;10,7;19,1
Oude Pijp;2009;10,4;19,3
Oude Pijp;2010;10,3;18,8
Oude Pijp;2011;10,5;19,6
Oude Pijp;2012;10,2;19,7
Oude Pijp;2013;10,4;19,9
Oude Pijp;2014;9,6;19,1
Oude Pijp;2015;9,7;19,8
Oude Pijp;2016;7,7;16,9
Oude Pijp;2017;7,7;16,7
Oude Pijp;2018;7,6;16,4
Oude Pijp;2019;7,7;15,9
Nieuwe Pijp;2008;8,5;15,3
Nieuwe Pijp;2009;8,3;15,4
Nieuwe Pijp;2010;8,3;15,1
Nieuwe Pijp;2011;8,4;15,7
Nieuwe Pijp;2012;8,2;15,8
Nieuwe Pijp;2013;8,4;16,0
Nieuwe Pijp;2014;7,7;15,4
Nieuwe Pijp;2015;7,7;15,8
Nieuwe Pijp;2016;6,5;13,2
Nieuwe Pijp;2017;6,4;13,4
Nieuwe Pijp;2018;6,4;12,8
Nieuwe Pijp;2019;6,5;12,6
Zuid Pijp;2008;5,4;9,6
Zuid Pijp;2009;5,2;9,7
Zuid Pijp;2010;5,2;9,5
Zuid Pijp;2011;5,3;9,9
Zuid Pijp;2012;5,1;9,9
Zuid Pijp;2013;5,2;10,0
Zuid Pijp;2014;4,8;9,6
Zuid Pijp;2015;4,8;9,9
Zuid Pijp;2016;4,4;7,7
Zuid Pijp;2017;4,5;7,6
Zuid Pijp;2018;4,4;7,4
Zuid Pijp;2019;4,4;7,3
Weesperzijde;2008;2,9;5,4
Weesperzijde;2009;2,8;5,4
Weesperzijde;2010;2,6;5,3
Weesperzijde;2011;1,9;5,8
Weesperzijde;2012;1,8;6,0
Weesperzijde;2013;1,9;5,8
Weesperzijde;2014;2,8;5,5
Weesperzijde;2015;1,7;5,8
Weesperzijde;2016;2,4;5,7
Weesperzijde;2017;2,4;5,3
Weesperzijde;2018;2,5;5,1
Weesperzijde;2019;2,8;5,5
Oosterparkbuurt;2008;6,4;12,0
Oosterparkbuurt;2009;6,2;12,0
Oosterparkbuurt;2010;5,8;11,8
Oosterparkbuurt;2011;4,3;12,7
Oosterparkbuurt;2012;4,0;13,2
Oosterparkbuurt;2013;4,3;13,2
Oosterparkbuurt;2014;6,3;12,6
Oosterparkbuurt;2015;3,9;13,1
Oosterparkbuurt;2016;5,3;10,7
Oosterparkbuurt;2017;5,2;10,4
Oosterparkbuurt;2018;5,1;10,2
Oosterparkbuurt;2019;5,2;9,9
Dapperbuurt;2008;5,0;9,4
Dapperbuurt;2009;4,8;9,4
Dapperbuurt;2010;4,5;9,2
Dapperbuurt;2011;3,3;9,9
Dapperbuurt;2012;3,1;10,3
Dapperbuurt;2013;3,3;10,2
Dapperbuurt;2014;4,8;9,5
Dapperbuurt;2015;3,1;10,4
Dapperbuurt;2016;4,0;8,9
Dapperbuurt;2017;4,2;9,4
Dapperbuurt;2018;4,4;9,3
Dapperbuurt;2019;4,6;9,3
Transvaalbuurt;2008;5,1;9,4
Transvaalbuurt;2009;4,9;9,4
Transvaalbuurt;2010;4,5;9,3
Transvaalbuurt;2011;3,3;10,0
Transvaalbuurt;2012;3,1;10,4
Transvaalbuurt;2013;3,3;10,3
Transvaalbuurt;2014;4,7;9,5
Transvaalbuurt;2015;2,9;9,7
Transvaalbuurt;2016;4,3;8,4
Transvaalbuurt;2017;4,4;8,3
Transvaalbuurt;2018;4,3;8,0
Transvaalbuurt;2019;4,3;7,8
Indische Buurt West;2008;3,4;12,7
Indische Buurt West;2009;3,4;14,2
Indische Buurt West;2010;3,5;14,8
Indische Buurt West;2011;4,9;14,6
Indische Buurt West;2012;4,6;15,1
Indische Buurt West;2013;4,9;15,1
Indische Buurt West;2014;7,1;14,1
Indische Buurt West;2015;4,3;14,3
Indische Buurt West;2016;6,2;11,9
Indische Buurt West;2017;6,3;11,9
Indische Buurt West;2018;5,4;10,9
Indische Buurt West;2019;5,5;10,9
Indische Buurt Oost;2008;2,6;9,6
Indische Buurt Oost;2009;2,5;10,7
Indische Buurt Oost;2010;2,6;11,1
Indische Buurt Oost;2011;3,7;11,0
Indische Buurt Oost;2012;3,4;11,4
Indische Buurt Oost;2013;3,7;11,4
Indische Buurt Oost;2014;5,4;10,7
Indische Buurt Oost;2015;3,3;10,9
Indische Buurt Oost;2016;3,8;9,1
Indische Buurt Oost;2017;4,2;9,0
Indische Buurt Oost;2018;4,2;8,8
Indische Buurt Oost;2019;4,2;8,6
Oostelijk Havengebied;2008;4,3;15,9
Oostelijk Havengebied;2009;4,2;17,7
Oostelijk Havengebied;2010;4,4;18,5
Oostelijk Havengebied;2011;6,1;18,2
Oostelijk Havengebied;2012;5,7;18,8
Oostelijk Havengebied;2013;6,2;19,3
Oostelijk Havengebied;2014;9,0;18,0
Oostelijk Havengebied;2015;5,5;18,4
Oostelijk Havengebied;2016;3,4;20,5
Oostelijk Havengebied;2017;3,5;20,3
Oostelijk Havengebied;2018;3,5;20,0
Oostelijk Havengebied;2019;3,9;19,9
IJburg West;2008;2,7;10,1
IJburg West;2009;2,7;11,3
IJburg West;2010;2,8;11,7
IJburg West;2011;3,9;11,5
IJburg West;2012;3,6;12,0
IJburg West;2013;3,9;12,0
IJburg West;2014;5,6;11,3
IJburg West;2015;3,5;11,5
IJburg West;2016;0,1;17,3
IJburg West;2017;0,1;16,9
IJburg West;2018;0,1;15,9
IJburg West;2019;0,1;16,4
Sloterdijk;2008;0,1;0,1
Sloterdijk;2009;0,1;0,1
Sloterdijk;2010;0,1;0,1
Sloterdijk;2011;0,1;0,1
Sloterdijk;2012;0,1;0,1
Sloterdijk;2013;0,1;0,1
Sloterdijk;2014;0,1;0,1
Sloterdijk;2015;0,2;0,4
Sloterdijk;2016;0,1;0,5
Sloterdijk;2017;0,0;0,5
Sloterdijk;2018;0,5;0,5
Sloterdijk;2019;0,4;0,5
Landlust;2008;9,4;16,2
Landlust;2009;9,1;16,8
Landlust;2010;9,0;16,6
Landlust;2011;8,6;17,0
Landlust;2012;8,5;17,1
Landlust;2013;8,6;17,6
Landlust;2014;9,7;19,4
Landlust;2015;7,9;17,0
Landlust;2016;8,3;16,5
Landlust;2017;8,4;16,9
Landlust;2018;8,3;16,3
Landlust;2019;8,2;16,0
Erasmuspark;2008;3,1;5,4
Erasmuspark;2009;3,0;5,5
Erasmuspark;2010;3,0;5,5
Erasmuspark;2011;2,9;5,6
Erasmuspark;2012;2,8;5,6
Erasmuspark;2013;2,9;5,8
Erasmuspark;2014;3,2;6,4
Erasmuspark;2015;2,6;5,6
Erasmuspark;2016;2,7;5,3
Erasmuspark;2017;2,7;5,3
Erasmuspark;2018;2,7;5,1
Erasmuspark;2019;2,7;5,0
De Kolenkit;2008;3,6;6,2
De Kolenkit;2009;3,5;6,4
De Kolenkit;2010;3,4;6,4
De Kolenkit;2011;3,3;6,5
De Kolenkit;2012;3,3;6,5
De Kolenkit;2013;3,5;7,1
De Kolenkit;2014;4,5;8,9
De Kolenkit;2015;3,6;7,8
De Kolenkit;2016;2,0;8,5
De Kolenkit;2017;1,9;8,6
De Kolenkit;2018;1,9;8,5
De Kolenkit;2019;1,8;9,4
Geuzenbuurt;2008;3,8;6,9
Geuzenbuurt;2009;3,8;6,9
Geuzenbuurt;2010;3,7;6,7
Geuzenbuurt;2011;3,4;6,7
Geuzenbuurt;2012;3,4;6,7
Geuzenbuurt;2013;3,4;6,9
Geuzenbuurt;2014;3,8;7,6
Geuzenbuurt;2015;3,1;6,7
Geuzenbuurt;2016;3,5;6,9
Geuzenbuurt;2017;3,5;6,8
Geuzenbuurt;2018;3,5;6,7
Geuzenbuurt;2019;3,4;6,4
Van Galenbuurt;2008;3,4;6,1
Van Galenbuurt;2009;3,4;6,1
Van Galenbuurt;2010;3,3;5,9
Van Galenbuurt;2011;3,0;5,9
Van Galenbuurt;2012;3,0;6,0
Van Galenbuurt;2013;3,0;6,1
Van Galenbuurt;2014;3,4;6,7
Van Galenbuurt;2015;2,7;5,9
Van Galenbuurt;2016;2,6;5,3
Van Galenbuurt;2017;2,6;5,2
Van Galenbuurt;2018;2,6;5,1
Van Galenbuurt;2019;2,6;4,9
Westindische Buurt;2008;3,8;6,8
Westindische Buurt;2009;3,8;6,8
Westindische Buurt;2010;3,7;6,6
Westindische Buurt;2011;3,4;6,6
Westindische Buurt;2012;3,3;6,7
Westindische Buurt;2013;3,4;6,9
Westindische Buurt;2014;3,8;7,5
Westindische Buurt;2015;3,1;6,6
Westindische Buurt;2016;3,5;6,9
Westindische Buurt;2017;3,5;6,8
Westindische Buurt;2018;3,5;6,7
Westindische Buurt;2019;3,6;6,5
Hoofddorppleinbuurt;2008;7,6;13,5
Hoofddorppleinbuurt;2009;7,4;13,7
Hoofddorppleinbuurt;2010;7,3;13,3
Hoofddorppleinbuurt;2011;7,4;13,9
Hoofddorppleinbuurt;2012;7,2;13,9
Hoofddorppleinbuurt;2013;7,4;14,1
Hoofddorppleinbuurt;2014;6,7;13,5
Hoofddorppleinbuurt;2015;6,8;13,9
Hoofddorppleinbuurt;2016;6,2;12,5
Hoofddorppleinbuurt;2017;6,3;12,4
Hoofddorppleinbuurt;2018;6,3;12,3
Hoofddorppleinbuurt;2019;6,3;12,0
Schinkelbuurt;2008;2,7;4,8
Schinkelbuurt;2009;2,6;4,8
Schinkelbuurt;2010;2,6;4,7
Schinkelbuurt;2011;2,6;4,9
Schinkelbuurt;2012;2,5;4,9
Schinkelbuurt;2013;2,6;5,0
Schinkelbuurt;2014;2,4;4,8
Schinkelbuurt;2015;2,4;4,9
Schinkelbuurt;2016;2,4;4,5
Schinkelbuurt;2017;2,4;4,4
Schinkelbuurt;2018;2,1;4,0
Schinkelbuurt;2019;2,1;3,9
Willemspark;2008;3,0;5,4
Willemspark;2009;2,9;5,4
Willemspark;2010;2,9;5,3
Willemspark;2011;2,9;5,5
Willemspark;2012;2,9;5,5
Willemspark;2013;2,9;5,6
Willemspark;2014;2,7;5,4
Willemspark;2015;2,7;5,6
Willemspark;2016;4,0;7,7
Willemspark;2017;4,0;7,6
Willemspark;2018;4,0;7,5
Willemspark;2019;4,1;7,5
Museumkwartier;2008;7,9;14,2
Museumkwartier;2009;7,7;14,4
Museumkwartier;2010;7,7;14,0
Museumkwartier;2011;7,8;14,6
Museumkwartier;2012;7,6;14,7
Museumkwartier;2013;7,8;14,8
Museumkwartier;2014;7,1;14,2
Museumkwartier;2015;7,1;14,6
Museumkwartier;2016;9,8;18,3
Museumkwartier;2017;9,6;18,0
Museumkwartier;2018;9,6;17,4
Museumkwartier;2019;9,8;17,6
Stadionbuurt;2008;7,6;13,6
Stadionbuurt;2009;7,4;13,7
Stadionbuurt;2010;7,3;13,4
Stadionbuurt;2011;7,4;13,9
Stadionbuurt;2012;7,2;14,0
Stadionbuurt;2013;7,4;14,1
Stadionbuurt;2014;6,8;13,5
Stadionbuurt;2015;6,8;13,9
Stadionbuurt;2016;5,3;12,0
Stadionbuurt;2017;5,3;12,0
Stadionbuurt;2018;5,2;11,8
Stadionbuurt;2019;5,3;11,5
Apollobuurt;2008;4,5;8,1
Apollobuurt;2009;4,4;8,2
Apollobuurt;2010;4,4;8,0
Apollobuurt;2011;4,5;8,4
Apollobuurt;2012;4,3;8,4
Apollobuurt;2013;4,4;8,5
Apollobuurt;2014;4,1;8,1
Apollobuurt;2015;4,1;8,3
Apollobuurt;2016;6,9;12,6
Apollobuurt;2017;6,8;12,5
Apollobuurt;2018;6,9;12,4
Apollobuurt;2019;7,4;12,3
IJburg Oost;2008;NA;NA
IJburg Oost;2009;NA;NA
IJburg Oost;2010;NA;NA
IJburg Oost;2011;NA;NA
IJburg Oost;2012;NA;NA
IJburg Oost;2013;NA;NA
IJburg Oost;2014;NA;NA
IJburg Oost;2015;NA;NA
IJburg Oost;2016;NA;NA
IJburg Oost;2017;NA;NA
IJburg Oost;2018;NA;NA
IJburg Oost;2019;NA;NA
IJburg Zuid;2008;1,2;4,7
IJburg Zuid;2009;1,2;5,2
IJburg Zuid;2010;1,3;5,4
IJburg Zuid;2011;1,8;5,3
IJburg Zuid;2012;1,7;5,5
IJburg Zuid;2013;1,9;5,8
IJburg Zuid;2014;2,8;5,5
IJburg Zuid;2015;1,7;5,6
IJburg Zuid;2016;NA;7,6
IJburg Zuid;2017;0,0;7,9
IJburg Zuid;2018;0,0;7,7
IJburg Zuid;2019;0,0;8,1
Scheldebuurt;2008;8,8;15,9
Scheldebuurt;2009;8,9;16,2
Scheldebuurt;2010;8,8;16,0
Scheldebuurt;2011;8,5;16,0
Scheldebuurt;2012;8,3;16,0
Scheldebuurt;2013;8,5;16,2
Scheldebuurt;2014;7,8;15,5
Scheldebuurt;2015;7,8;16,0
Scheldebuurt;2016;8,8;17,0
Scheldebuurt;2017;8,7;17,6
Scheldebuurt;2018;8,8;16,9
Scheldebuurt;2019;8,8;16,8
IJselbuurt;2008;3,5;6,4
IJselbuurt;2009;3,6;6,5
IJselbuurt;2010;3,5;6,4
IJselbuurt;2011;3,4;6,4
IJselbuurt;2012;3,3;6,4
IJselbuurt;2013;3,4;6,5
IJselbuurt;2014;3,1;6,2
IJselbuurt;2015;3,1;6,4
IJselbuurt;2016;2,9;5,7
IJselbuurt;2017;2,9;5,6
IJselbuurt;2018;2,9;5,5
IJselbuurt;2019;2,9;5,3
Rijnbuurt;2008;6,3;11,3
Rijnbuurt;2009;6,3;11,5
Rijnbuurt;2010;6,3;11,4
Rijnbuurt;2011;6,1;11,3
Rijnbuurt;2012;5,9;11,4
Rijnbuurt;2013;6,0;11,5
Rijnbuurt;2014;5,5;11,0
Rijnbuurt;2015;5,5;11,3
Rijnbuurt;2016;5,1;9,2
Rijnbuurt;2017;5,1;9,2
Rijnbuurt;2018;5,1;9,0
Rijnbuurt;2019;5,1;8,8
Frankendael;2008;5,7;10,6
Frankendael;2009;5,5;10,6
Frankendael;2010;5,1;10,4
Frankendael;2011;3,8;11,2
Frankendael;2012;3,5;11,6
Frankendael;2013;3,8;11,6
Frankendael;2014;5,6;11,2
Frankendael;2015;3,7;12,3
Frankendael;2016;5,9;11,2
Frankendael;2017;6,0;11,1
Frankendael;2018;5,7;10,2
Frankendael;2019;5,8;10,8
Middenmeer;2008;7,3;13,7
Middenmeer;2009;7,1;13,7
Middenmeer;2010;6,6;13,5
Middenmeer;2011;4,9;14,5
Middenmeer;2012;4,6;15,1
Middenmeer;2013;4,9;15,2
Middenmeer;2014;7,7;15,4
Middenmeer;2015;4,7;15,7
Middenmeer;2016;7,5;18,0
Middenmeer;2017;7,5;17,8
Middenmeer;2018;7,5;17,4
Middenmeer;2019;8,4;18,4
Betondorp;2008;2,1;4,0
Betondorp;2009;2,1;4,0
Betondorp;2010;1,9;3,9
Betondorp;2011;1,4;4,2
Betondorp;2012;1,3;4,4
Betondorp;2013;1,4;4,4
Betondorp;2014;2,0;4,1
Betondorp;2015;1,3;4,2
Betondorp;2016;1,8;3,3
Betondorp;2017;1,9;3,3
Betondorp;2018;1,9;3,3
Betondorp;2019;1,9;3,2
Omval/Overamstel;2008;1,6;3,0
Omval/Overamstel;2009;1,5;3,0
Omval/Overamstel;2010;1,4;2,9
Omval/Overamstel;2011;1,1;3,2
Omval/Overamstel;2012;1,0;3,3
Omval/Overamstel;2013;1,1;3,3
Omval/Overamstel;2014;1,8;3,6
Omval/Overamstel;2015;1,1;3,7
Omval/Overamstel;2016;0,1;5,4
Omval/Overamstel;2017;0,1;5,3
Omval/Overamstel;2018;0,1;5,5
Omval/Overamstel;2019;0,2;5,9
Volewijck;2008;5,8;11,4
Volewijck;2009;5,8;11,3
Volewijck;2010;5,6;11,6
Volewijck;2011;5,4;11,3
Volewijck;2012;5,4;11,7
Volewijck;2013;5,2;11,6
Volewijck;2014;5,1;10,2
Volewijck;2015;4,6;11,1
Volewijck;2016;5,2;9,8
Volewijck;2017;5,5;9,4
Volewijck;2018;5,0;9,0
Volewijck;2019;5,0;8,9
IJplein/Vogelbuurt;2008;4,9;9,5
IJplein/Vogelbuurt;2009;4,9;9,5
IJplein/Vogelbuurt;2010;4,7;9,7
IJplein/Vogelbuurt;2011;4,6;9,5
IJplein/Vogelbuurt;2012;4,5;9,8
IJplein/Vogelbuurt;2013;4,3;9,7
IJplein/Vogelbuurt;2014;4,3;8,6
IJplein/Vogelbuurt;2015;3,9;9,4
IJplein/Vogelbuurt;2016;4,0;7,6
IJplein/Vogelbuurt;2017;4,0;7,4
IJplein/Vogelbuurt;2018;4,0;7,3
IJplein/Vogelbuurt;2019;4,0;7,1
Tuindorp Nieuwendam;2008;2,2;4,3
Tuindorp Nieuwendam;2009;2,2;4,3
Tuindorp Nieuwendam;2010;2,1;4,4
Tuindorp Nieuwendam;2011;2,1;4,3
Tuindorp Nieuwendam;2012;2,0;4,5
Tuindorp Nieuwendam;2013;2,0;4,4
Tuindorp Nieuwendam;2014;1,9;3,9
Tuindorp Nieuwendam;2015;1,8;4,2
Tuindorp Nieuwendam;2016;2,1;3,7
Tuindorp Nieuwendam;2017;2,1;3,6
Tuindorp Nieuwendam;2018;2,1;3,5
Tuindorp Nieuwendam;2019;2,0;3,4
Tuindorp Buiksloot;2008;1,1;2,1
Tuindorp Buiksloot;2009;1,1;2,1
Tuindorp Buiksloot;2010;1,0;2,2
Tuindorp Buiksloot;2011;1,0;2,1
Tuindorp Buiksloot;2012;1,0;2,2
Tuindorp Buiksloot;2013;1,0;2,2
Tuindorp Buiksloot;2014;1,0;1,9
Tuindorp Buiksloot;2015;0,9;2,1
Tuindorp Buiksloot;2016;1,0;2,2
Tuindorp Buiksloot;2017;1,0;2,1
Tuindorp Buiksloot;2018;1,0;2,1
Tuindorp Buiksloot;2019;1,0;2,0
Nieuwendammerdijk/Buiksloterdijk;2008;0,8;1,5
Nieuwendammerdijk/Buiksloterdijk;2009;0,8;1,5
Nieuwendammerdijk/Buiksloterdijk;2010;0,7;1,5
Nieuwendammerdijk/Buiksloterdijk;2011;0,7;1,5
Nieuwendammerdijk/Buiksloterdijk;2012;0,7;1,6
Nieuwendammerdijk/Buiksloterdijk;2013;0,7;1,5
Nieuwendammerdijk/Buiksloterdijk;2014;0,7;1,3
Nieuwendammerdijk/Buiksloterdijk;2015;0,6;1,4
Nieuwendammerdijk/Buiksloterdijk;2016;1,1;2,0
Nieuwendammerdijk/Buiksloterdijk;2017;1,1;2,0
Nieuwendammerdijk/Buiksloterdijk;2018;1,1;2,0
Nieuwendammerdijk/Buiksloterdijk;2019;1,1;2,0
Tuindorp Oostzaan;2008;5,9;11,4
Tuindorp Oostzaan;2009;5,9;11,4
Tuindorp Oostzaan;2010;5,6;11,6
Tuindorp Oostzaan;2011;5,5;11,4
Tuindorp Oostzaan;2012;5,4;11,8
Tuindorp Oostzaan;2013;5,3;11,8
Tuindorp Oostzaan;2014;5,2;10,5
Tuindorp Oostzaan;2015;4,8;11,5
Tuindorp Oostzaan;2016;4,9;11,5
Tuindorp Oostzaan;2017;4,9;11,5
Tuindorp Oostzaan;2018;4,9;11,4
Tuindorp Oostzaan;2019;4,7;11,3
Oostzanerwerf;2008;4,4;8,6
Oostzanerwerf;2009;4,4;8,6
Oostzanerwerf;2010;4,2;8,8
Oostzanerwerf;2011;4,1;8,6
Oostzanerwerf;2012;4,1;8,9
Oostzanerwerf;2013;3,9;8,8
Oostzanerwerf;2014;3,9;7,7
Oostzanerwerf;2015;3,5;8,5
Oostzanerwerf;2016;4,1;9,1
Oostzanerwerf;2017;4,1;8,8
Oostzanerwerf;2018;4,1;8,8
Oostzanerwerf;2019;4,2;8,8
Kadoelen;2008;1,4;2,7
Kadoelen;2009;1,4;2,7
Kadoelen;2010;1,3;2,7
Kadoelen;2011;1,3;2,7
Kadoelen;2012;1,3;2,8
Kadoelen;2013;1,2;2,8
Kadoelen;2014;1,2;2,4
Kadoelen;2015;1,1;2,7
Kadoelen;2016;1,7;3,5
Kadoelen;2017;1,6;3,5
Kadoelen;2018;1,6;3,3
Kadoelen;2019;1,7;3,6
Waterlandpleinbuurt;2008;6,2;12,2
Waterlandpleinbuurt;2009;6,2;12,1
Waterlandpleinbuurt;2010;6,0;12,4
Waterlandpleinbuurt;2011;5,8;12,1
Waterlandpleinbuurt;2012;5,7;12,6
Waterlandpleinbuurt;2013;5,7;12,7
Waterlandpleinbuurt;2014;5,9;11,8
Waterlandpleinbuurt;2015;5,1;12,3
Waterlandpleinbuurt;2016;5,0;12,4
Waterlandpleinbuurt;2017;5,0;12,4
Waterlandpleinbuurt;2018;5,1;12,4
Waterlandpleinbuurt;2019;4,7;11,9
Buikslotermeer;2008;6,7;13,1
Buikslotermeer;2009;6,7;13,1
Buikslotermeer;2010;6,4;13,3
Buikslotermeer;2011;6,3;13,0
Buikslotermeer;2012;6,2;13,5
Buikslotermeer;2013;6,0;13,4
Buikslotermeer;2014;5,9;11,8
Buikslotermeer;2015;5,3;12,9
Buikslotermeer;2016;4,1;10,8
Buikslotermeer;2017;4,0;10,1
Buikslotermeer;2018;3,9;10,1
Buikslotermeer;2019;3,8;9,8
Banne Buiksloot;2008;7,1;13,8
Banne Buiksloot;2009;7,1;13,8
Banne Buiksloot;2010;6,8;14,1
Banne Buiksloot;2011;6,6;13,7
Banne Buiksloot;2012;6,5;14,3
Banne Buiksloot;2013;6,0;13,5
Banne Buiksloot;2014;6,1;12,1
Banne Buiksloot;2015;5,6;13,5
Banne Buiksloot;2016;5,0;13,4
Banne Buiksloot;2017;4,8;12,9
Banne Buiksloot;2018;5,0;12,6
Banne Buiksloot;2019;5,0;12,5
Noordelijke IJ-oevers West;2008;0,8;1,6
Noordelijke IJ-oevers West;2009;0,8;1,6
Noordelijke IJ-oevers West;2010;0,8;1,6
Noordelijke IJ-oevers West;2011;0,8;1,6
Noordelijke IJ-oevers West;2012;0,7;1,6
Noordelijke IJ-oevers West;2013;0,8;1,9
Noordelijke IJ-oevers West;2014;0,8;1,6
Noordelijke IJ-oevers West;2015;0,8;2,0
Noordelijke IJ-oevers West;2016;0,2;2,3
Noordelijke IJ-oevers West;2017;0,3;2,9
Noordelijke IJ-oevers West;2018;0,0;3,3
Noordelijke IJ-oevers West;2019;0,0;4,0
Noordelijke IJ-oevers Oost;2008;0,1;0,2
Noordelijke IJ-oevers Oost;2009;0,1;0,2
Noordelijke IJ-oevers Oost;2010;0,1;0,2
Noordelijke IJ-oevers Oost;2011;0,1;0,2
Noordelijke IJ-oevers Oost;2012;0,1;0,2
Noordelijke IJ-oevers Oost;2013;0,1;0,2
Noordelijke IJ-oevers Oost;2014;0,1;0,1
Noordelijke IJ-oevers Oost;2015;0,1;0,2
Noordelijke IJ-oevers Oost;2016;0,1;0,2
Noordelijke IJ-oevers Oost;2017;0,1;0,2
Noordelijke IJ-oevers Oost;2018;0,2;0,4
Noordelijke IJ-oevers Oost;2019;0,2;0,4
Waterland;2008;6,3;14,2
Waterland;2009;6,1;14,2
Waterland;2010;5,9;14,4
Waterland;2011;5,8;14,2
Waterland;2012;5,5;14,0
Waterland;2013;5,5;13,7
Waterland;2014;5,3;13,0
Waterland;2015;5,1;13,0
Waterland;2016;5,8;13,9
Waterland;2017;5,8;13,7
Waterland;2018;5,8;13,5
Waterland;2019;5,7;13,1
Elzenhagen;2008;0,7;1,4
Elzenhagen;2009;0,7;1,4
Elzenhagen;2010;0,7;1,4
Elzenhagen;2011;0,6;1,3
Elzenhagen;2012;0,6;1,4
Elzenhagen;2013;0,6;1,4
Elzenhagen;2014;0,7;1,3
Elzenhagen;2015;0,8;1,9
Elzenhagen;2016;0,7;2,5
Elzenhagen;2017;0,7;2,4
Elzenhagen;2018;0,8;2,4
Elzenhagen;2019;0,6;2,6
Slotermeer-Noordoost;2008;5,1;9,2
Slotermeer-Noordoost;2009;4,8;9,2
Slotermeer-Noordoost;2010;4,7;9,4
Slotermeer-Noordoost;2011;4,3;10,4
Slotermeer-Noordoost;2012;4,0;10,6
Slotermeer-Noordoost;2013;4,1;10,0
Slotermeer-Noordoost;2014;4,4;8,9
Slotermeer-Noordoost;2015;3,5;9,9
Slotermeer-Noordoost;2016;4,3;8,0
Slotermeer-Noordoost;2017;4,4;7,7
Slotermeer-Noordoost;2018;4,3;7,4
Slotermeer-Noordoost;2019;4,3;7,3
Slotermeer-Zuidwest;2008;9,1;16,4
Slotermeer-Zuidwest;2009;8,7;16,4
Slotermeer-Zuidwest;2010;8,3;16,8
Slotermeer-Zuidwest;2011;7,6;18,6
Slotermeer-Zuidwest;2012;7,1;19,0
Slotermeer-Zuidwest;2013;7,3;17,9
Slotermeer-Zuidwest;2014;7,9;15,8
Slotermeer-Zuidwest;2015;6,2;17,8
Slotermeer-Zuidwest;2016;6,5;14,5
Slotermeer-Zuidwest;2017;6,7;14,5
Slotermeer-Zuidwest;2018;6,9;14,5
Slotermeer-Zuidwest;2019;6,8;14,4
Geuzenveld;2008;7,2;12,8
Geuzenveld;2009;6,8;12,9
Geuzenveld;2010;6,5;13,2
Geuzenveld;2011;6,0;14,5
Geuzenveld;2012;5,6;14,9
Geuzenveld;2013;5,7;14,0
Geuzenveld;2014;6,1;12,3
Geuzenveld;2015;5,0;14,1
Geuzenveld;2016;4,7;13,3
Geuzenveld;2017;4,6;14,1
Geuzenveld;2018;5,0;13,0
Geuzenveld;2019;4,9;13,0
Eendracht;2008;1,1;2,0
Eendracht;2009;1,1;2,1
Eendracht;2010;1,0;2,1
Eendracht;2011;1,0;2,3
Eendracht;2012;0,9;2,4
Eendracht;2013;0,9;2,2
Eendracht;2014;1,0;2,0
Eendracht;2015;0,8;2,2
Eendracht;2016;1,0;2,6
Eendracht;2017;1,0;2,5
Eendracht;2018;1,0;2,4
Eendracht;2019;1,0;2,4
Lutkemeer/Ookmeer;2008;0,3;0,7
Lutkemeer/Ookmeer;2009;0,3;0,7
Lutkemeer/Ookmeer;2010;0,3;0,8
Lutkemeer/Ookmeer;2011;0,3;0,7
Lutkemeer/Ookmeer;2012;0,3;0,8
Lutkemeer/Ookmeer;2013;0,3;0,7
Lutkemeer/Ookmeer;2014;0,3;0,7
Lutkemeer/Ookmeer;2015;0,3;0,7
Lutkemeer/Ookmeer;2016;0,6;1,2
Lutkemeer/Ookmeer;2017;0,6;1,2
Lutkemeer/Ookmeer;2018;0,7;1,3
Lutkemeer/Ookmeer;2019;0,7;1,2
Osdorp-Oost;2008;9,0;19,8
Osdorp-Oost;2009;8,7;20,1
Osdorp-Oost;2010;8,5;21,0
Osdorp-Oost;2011;8,3;20,3
Osdorp-Oost;2012;7,7;20,7
Osdorp-Oost;2013;8,0;19,4
Osdorp-Oost;2014;8,6;17,1
Osdorp-Oost;2015;6,8;19,5
Osdorp-Oost;2016;7,1;17,6
Osdorp-Oost;2017;6,9;16,8
Osdorp-Oost;2018;6,8;16,4
Osdorp-Oost;2019;6,8;16,0
Osdorp-Midden;2008;7,1;15,7
Osdorp-Midden;2009;6,9;16,0
Osdorp-Midden;2010;6,8;16,6
Osdorp-Midden;2011;6,6;16,1
Osdorp-Midden;2012;6,1;16,5
Osdorp-Midden;2013;6,3;15,2
Osdorp-Midden;2014;6,7;13,4
Osdorp-Midden;2015;5,4;15,5
Osdorp-Midden;2016;4,9;14,5
Osdorp-Midden;2017;4,9;14,4
Osdorp-Midden;2018;5,0;14,1
Osdorp-Midden;2019;4,9;13,8
De Punt;2008;2,5;5,6
De Punt;2009;2,4;5,7
De Punt;2010;2,4;5,9
De Punt;2011;2,3;5,7
De Punt;2012;2,2;5,8
De Punt;2013;2,3;5,7
De Punt;2014;2,6;5,3
De Punt;2015;2,0;5,8
De Punt;2016;1,7;6,3
De Punt;2017;1,7;6,3
De Punt;2018;1,7;6,3
De Punt;2019;1,7;6,4
Middelveldsche Akerpolder;2008;5,9;13,1
Middelveldsche Akerpolder;2009;5,7;13,3
Middelveldsche Akerpolder;2010;5,6;13,8
Middelveldsche Akerpolder;2011;5,5;13,4
Middelveldsche Akerpolder;2012;5,1;13,7
Middelveldsche Akerpolder;2013;5,3;12,8
Middelveldsche Akerpolder;2014;5,7;11,3
Middelveldsche Akerpolder;2015;4,4;12,6
Middelveldsche Akerpolder;2016;5,0;16,1
Middelveldsche Akerpolder;2017;5,0;15,7
Middelveldsche Akerpolder;2018;5,0;15,3
Middelveldsche Akerpolder;2019;5,0;15,0
Slotervaart Noord;2008;3,7;7,9
Slotervaart Noord;2009;3,7;8,0
Slotervaart Noord;2010;3,6;8,1
Slotervaart Noord;2011;3,4;8,3
Slotervaart Noord;2012;3,2;8,5
Slotervaart Noord;2013;3,3;8,0
Slotervaart Noord;2014;3,5;7,0
Slotervaart Noord;2015;2,8;7,9
Slotervaart Noord;2016;3,7;7,8
Slotervaart Noord;2017;3,6;7,7
Slotervaart Noord;2018;3,6;7,6
Slotervaart Noord;2019;3,0;7,7
Overtoomse Veld;2008;4,8;10,1
Overtoomse Veld;2009;4,7;10,3
Overtoomse Veld;2010;4,6;10,5
Overtoomse Veld;2011;4,4;10,7
Overtoomse Veld;2012;4,1;11,0
Overtoomse Veld;2013;4,1;10,0
Overtoomse Veld;2014;4,7;9,3
Overtoomse Veld;2015;3,7;10,6
Overtoomse Veld;2016;2,8;9,9
Overtoomse Veld;2017;2,7;9,6
Overtoomse Veld;2018;2,9;9,7
Overtoomse Veld;2019;2,7;10,3
Westlandgracht;2008;3,9;8,2
Westlandgracht;2009;3,8;8,4
Westlandgracht;2010;3,7;8,5
Westlandgracht;2011;3,6;8,7
Westlandgracht;2012;3,3;8,9
Westlandgracht;2013;3,6;8,7
Westlandgracht;2014;3,8;7,5
Westlandgracht;2015;3,1;9,0
Westlandgracht;2016;1,9;7,5
Westlandgracht;2017;2,3;10,3
Westlandgracht;2018;2,6;10,1
Westlandgracht;2019;1,8;10,8
Slotervaart Zuid;2008;4,6;9,8
Slotervaart Zuid;2009;4,6;10,0
Slotervaart Zuid;2010;4,4;10,1
Slotervaart Zuid;2011;4,3;10,4
Slotervaart Zuid;2012;4,0;10,6
Slotervaart Zuid;2013;4,4;10,8
Slotervaart Zuid;2014;4,8;9,5
Slotervaart Zuid;2015;3,9;11,1
Slotervaart Zuid;2016;4,4;10,6
Slotervaart Zuid;2017;4,1;8,8
Slotervaart Zuid;2018;4,5;9,3
Slotervaart Zuid;2019;3,9;9,3
Buitenveldert-West;2008;8,9;16,0
Buitenveldert-West;2009;9,0;16,4
Buitenveldert-West;2010;8,9;16,2
Buitenveldert-West;2011;8,6;16,1
Buitenveldert-West;2012;8,4;16,2
Buitenveldert-West;2013;8,5;16,3
Buitenveldert-West;2014;7,8;15,6
Buitenveldert-West;2015;7,8;16,0
Buitenveldert-West;2016;7,7;16,7
Buitenveldert-West;2017;7,9;16,8
Buitenveldert-West;2018;7,7;16,8
Buitenveldert-West;2019;7,8;16,5
Buitenveldert-Oost;2008;5,0;9,0
Buitenveldert-Oost;2009;5,0;9,2
Buitenveldert-Oost;2010;5,0;9,1
Buitenveldert-Oost;2011;4,8;9,0
Buitenveldert-Oost;2012;4,7;9,0
Buitenveldert-Oost;2013;4,8;9,1
Buitenveldert-Oost;2014;4,4;8,7
Buitenveldert-Oost;2015;4,5;9,2
Buitenveldert-Oost;2016;4,3;9,7
Buitenveldert-Oost;2017;4,1;9,5
Buitenveldert-Oost;2018;4,2;9,3
Buitenveldert-Oost;2019;4,1;9,2
Amstel III/Bullewijk;2008;0,0;0,0
Amstel III/Bullewijk;2009;0,0;0,0
Amstel III/Bullewijk;2010;0,0;0,0
Amstel III/Bullewijk;2011;0,0;0,0
Amstel III/Bullewijk;2012;0,0;0,0
Amstel III/Bullewijk;2013;0,0;0,0
Amstel III/Bullewijk;2014;0,0;0,0
Amstel III/Bullewijk;2015;0,0;0,0
Amstel III/Bullewijk;2016;NA;NA
Amstel III/Bullewijk;2017;NA;NA
Amstel III/Bullewijk;2018;NA;NA
Amstel III/Bullewijk;2019;NA;1,2
Nellestein;2008;1,8;4,0
Nellestein;2009;1,8;4,2
Nellestein;2010;1,6;4,2
Nellestein;2011;1,6;4,2
Nellestein;2012;1,6;4,4
Nellestein;2013;1,6;4,2
Nellestein;2014;1,8;3,5
Nellestein;2015;1,4;3,9
Nellestein;2016;2,0;3,4
Nellestein;2017;2,0;3,3
Nellestein;2018;2,0;3,2
Nellestein;2019;2,0;3,1
Holendrecht/Reigersbos;2008;8,9;20,0
Holendrecht/Reigersbos;2009;8,8;20,9
Holendrecht/Reigersbos;2010;8,2;21,0
Holendrecht/Reigersbos;2011;8,1;21,1
Holendrecht/Reigersbos;2012;7,9;21,7
Holendrecht/Reigersbos;2013;7,8;20,7
Holendrecht/Reigersbos;2014;8,8;17,5
Holendrecht/Reigersbos;2015;6,7;19,5
Holendrecht/Reigersbos;2016;9,8;18,6
Holendrecht/Reigersbos;2017;9,7;18,2
Holendrecht/Reigersbos;2018;9,5;18,0
Holendrecht/Reigersbos;2019;9,5;17,6
Gein;2008;5,5;12,3
Gein;2009;5,4;12,8
Gein;2010;5,0;12,9
Gein;2011;5,0;13,0
Gein;2012;4,9;13,3
Gein;2013;4,8;12,7
Gein;2014;5,4;10,8
Gein;2015;4,1;12,0
Gein;2016;5,4;12,6
Gein;2017;5,5;12,3
Gein;2018;5,4;12,0
Gein;2019;5,4;11,6
Driemond;2008;0,7;1,5
Driemond;2009;0,7;1,6
Driemond;2010;0,6;1,6
Driemond;2011;0,6;1,6
Driemond;2012;0,6;1,6
Driemond;2013;0,6;1,6
Driemond;2014;0,7;1,3
Driemond;2015;0,5;1,5
Driemond;2016;0,8;1,9
Driemond;2017;0,8;1,8
Driemond;2018;0,8;1,9
Driemond;2019;0,8;1,8
